{
    "51221_percentile": 0.5020846150463879,
    "51265_percentile": 0.5015198892108019,
    "50912_percentile": 0.5288538774078277,
    "50971_percentile": 0.5203452659408284,
    "51222_percentile": 0.5058233030223221,
    "51301_percentile": 0.5030668171655357,
    "51249_percentile": 0.5086607569892501,
    "51279_percentile": 0.5017955258662421,
    "51250_percentile": 0.520113620460359,
    "51248_percentile": 0.5054992872617016,
    "51277_percentile": 0.5081108080859115,
    "51006_percentile": 0.5119171205752977,
    "50983_percentile": 0.532536643672962,
    "50902_percentile": 0.5247540775898258,
    "50882_percentile": 0.5327257913679259,
    "50868_percentile": 0.5384017777585033,
    "50931_percentile": 0.5036121140054413,
    "50960_percentile": 0.5424821422227342,
    "50893_percentile": 0.5183323489445535,
    "50970_percentile": 0.5142669596181745,
    "51237_percentile": 0.5572467465342208,
    "51274_percentile": 0.505454335870016,
    "51275_percentile": 0.5024658942814866,
    "51146_percentile": 0.5557525672734194,
    "51256_percentile": 0.5015104330071039,
    "51254_percentile": 0.505924758844853,
    "51200_percentile": 0.526270740024807,
    "51244_percentile": 0.502182357838302,
    "52172_percentile": 0.5022922701966274,
    "50934_percentile": 0.5091498914796471,
    "51678_percentile": 0.5293088323432337,
    "50947_percentile": 0.7199313399183527,
    "50861_percentile": 0.509318232669302,
    "50878_percentile": 0.5071775213781743,
    "50813_percentile": 0.5164928208909279,
    "50863_percentile": 0.503655244764689,
    "50885_percentile": 0.5396463780915554,
    "50820_percentile": 0.515273209199118,
    "50862_percentile": 0.5210747002837919,
    "50802_percentile": 0.5366304683273608,
    "50821_percentile": 0.5024444434861653,
    "50804_percentile": 0.5255295002158308,
    "50818_percentile": 0.5126646839656611,
    "52075_percentile": 0.5004959366713254,
    "52073_percentile": 0.5453210881821251,
    "52074_percentile": 0.5037110884660645,
    "52069_percentile": 0.5591561319876707,
    "51133_percentile": 0.5021000791875545,
    "50910_percentile": 0.5015323020682729,
    "52135_percentile": 0.5511808609813984
}